identity,recordingRef,source,controlBytes,activePcmBytes,rsdBytes,rsdSha256,canonicalPcmSha256,riceBytes,riceSha256,riceAuditSha256,ransBytes,ransSha256,ransAuditSha256
sha256:03328fc288eda889bb9bb7813a48bf87d3e011b1698778fc456f57c8561b9db2,r1,drums,16024424,30791214,41245061,9429a9a771ff2cbb4dd0403dff0dd80a478754b2ad2c1b29eb6f0f19528d02c8,03328fc288eda889bb9bb7813a48bf87d3e011b1698778fc456f57c8561b9db2,16044712,0a9b1ae0301df2ee7bb1b5552ea71f8b8f54a7de56531b05b80f1d636cfd9519,5a874efaf1429a17970fe1ebde05a6c8affb88702044f19f07ddee2dd5a7565d,15968184,e84e42ad495cd845cfa92d4ab9bb9eef22316ccd1120b1b958c4eb7be5eef049,5a874efaf1429a17970fe1ebde05a6c8affb88702044f19f07ddee2dd5a7565d
sha256:18a73d7d7a47ec6ccd306235bb921dc8760ecce468b0cb5b4860ef94b898bba6,r4,drums,24867112,50994552,68522532,994df485c6a66ecc91660b338034f4175a4e1970b66eeab3b2b001d6e57b886d,18a73d7d7a47ec6ccd306235bb921dc8760ecce468b0cb5b4860ef94b898bba6,24901106,29ff5a9b9fb245b47e12106d233e9235a06f9fab97a38a55b1c10af07dfa168e,435ec0f868945c45afbace13205d4b1a277450349411753b25410e30e8c6f2f8,24800719,826402c6a1cbf6e5d099b50e07afb096169f3d77d93e582f872c41d15ea732ba,435ec0f868945c45afbace13205d4b1a277450349411753b25410e30e8c6f2f8
sha256:1d0544c63bf19bcc8d8b663d73fb9b206f9d107d52f7729ead8fce52aaa9be71,r2,chorus-vox,8069025,15014760,19578023,db89de35759ffcb92ab4d99c36fdc78e344410fe24ddab4418ce17acc9ed46b6,1d0544c63bf19bcc8d8b663d73fb9b206f9d107d52f7729ead8fce52aaa9be71,8078716,8df80479be506fb509eb6feba4e035b90435d2cbdb8695a5d1d8de4cd738f774,ef150a7ad089ba0ea7693bce738c9fadbad3cbd02448178e205cd67b9b40e423,8030476,d13e5023e27b4f4cd16ee12d9196bebdb6207848ab9ff58ef8300098fe708023,ef150a7ad089ba0ea7693bce738c9fadbad3cbd02448178e205cd67b9b40e423
sha256:2726b0d1370fdf4924bc2a3509533c4fbb914a9ff45c54e7b010be71a4adfb76,r3,fx,14062853,27599244,37029464,82afeee2dd5d8ab365dbf652764266173087a51f10c3b8e3f9d209c50f1b5443,2726b0d1370fdf4924bc2a3509533c4fbb914a9ff45c54e7b010be71a4adfb76,14081138,34923f35cc8ec735bd4a5f05240ff7362791b07bd3ee429a780f69da4a9c7288,1eb812f77bfb0272c75c6140c1a25f2cd969d7dba81292f5fda5f482c5847b11,14024468,a77f5259f60063ea0396e929fbe65b9aa0a1df895a3fa6e9da47f234676ec4dd,1eb812f77bfb0272c75c6140c1a25f2cd969d7dba81292f5fda5f482c5847b11
sha256:27c2485abef9b9791cf127b08108e9982383fdbf7736095f8411647e5b82a7ac,r1,lead-vox,19474057,37247538,50086250,1640f05c01aca50776a92e83a3d2b4d9d3cd55a645d2de38af0105ae250d142b,27c2485abef9b9791cf127b08108e9982383fdbf7736095f8411647e5b82a7ac,19499109,ad75d8a0beb7fee66bd2632148fb38056bc233046a0ceb9a70a5999a3ef364a0,16e082a99b5f3f7e37af2efb454df25c6237f28296616ef50a61c1258fdd1f77,19448693,c1174df35eaf85a5470a6c2660d7bf01abfe320327b9aff85ed50dc5026cc038,16e082a99b5f3f7e37af2efb454df25c6237f28296616ef50a61c1258fdd1f77
sha256:2bf5cb8199b9d347a6a94d10c52b770148efda9073069e4aeeafaa866030a846,r2,fx,11363291,32998800,44156270,67b323478a2f3ad659a8563d46a09f7b4e560c0d58d25fd25336f2d1c1f314b3,2bf5cb8199b9d347a6a94d10c52b770148efda9073069e4aeeafaa866030a846,11385237,899f7c0a98acbfbd1b33f467cb3d5bdcaee8a3c9396039445596831f0c316dc1,9391aabb375c03e44df5bc8331e50f29193b51e75c52b68d956a5915ad3c2042,11156496,11a2e338d19641744a1d85a69ef34b22d2020d5112dcad40d798a932bed53142,9391aabb375c03e44df5bc8331e50f29193b51e75c52b68d956a5915ad3c2042
sha256:2dd061241fa7fe3128289427e108ee63501f4ed77c7208f1b37ff49fa6ccff0b,r3,bass,8200751,21468960,28996554,3b67fe4c61b5eea61e5a85c331360dc521d534c05eb91da7af5963e4bc8ed891,2dd061241fa7fe3128289427e108ee63501f4ed77c7208f1b37ff49fa6ccff0b,8215089,b4d5eacd146591a7c282214a0723917230c7f42aea4435e64a3746a27ab22e16,dbdb241f48dc7a3e7fc1e69a128088c6a13c438421a68b6420662a1db53a3948,8174883,c55d7508476cb2426ba158c78d6053d7beaf94b10bf826ab46e5e410ca3e116d,dbdb241f48dc7a3e7fc1e69a128088c6a13c438421a68b6420662a1db53a3948
sha256:361eb2581ace51a5a34c59d83c06ebe6dad73300115db995e6c0692fb4061ae3,r1,vocal-fx,3745209,30161286,38812382,ad4b39650874de5b174ee2709ac2c0ce15538f76504492e48e3ab2f30c1af369,361eb2581ace51a5a34c59d83c06ebe6dad73300115db995e6c0692fb4061ae3,3764844,b00499758524dd2b126f211a1b76a1a53914d6335d842724e35579b9848c3053,cb1781dadcd55034ac0e40b1636d96943d3777fa55878c01db2454f8a8e478d1,3506582,0f2507839fdf329513a4f4af12d9cfd669e26758f736a4d1a1c4033621fdca5e,cb1781dadcd55034ac0e40b1636d96943d3777fa55878c01db2454f8a8e478d1
sha256:3d60f314574aed4bfafde8b53df7e0e555f367325ba6daad6ec8db9c4dee48c6,r3,drums,12241425,30099654,40583653,2f43fb166ad75769414b95b51302773edf58fd6fdff7137dd92f88927f76a70d,3d60f314574aed4bfafde8b53df7e0e555f367325ba6daad6ec8db9c4dee48c6,12261433,e6d9a4b26568b9609d71812b8a944f06688f41bcd0c324a0845f089e2a231c64,fc8ec6bf8e21379ee9d886769d5a81f873a2ab75f36b7c42f991d0aa1a0c499d,12159715,a0dbf3a7212cad8a8704b4aef1969bb4d9d312b0ba0993daf8a556caa6a4f196,fc8ec6bf8e21379ee9d886769d5a81f873a2ab75f36b7c42f991d0aa1a0c499d
sha256:43413b8b197ba8a6be8b706e5173fb5246f4c60c414557dc552d9c65239f9340,r2,intro,6429359,11025186,14743546,d1b76328d82db6c6d5990453e466b0288a1e8d98d2f563a4e55942a211910a90,43413b8b197ba8a6be8b706e5173fb5246f4c60c414557dc552d9c65239f9340,6436729,2b047fcc06941a889901276b41b1c50cd00a55c9bfbe97557f55c691c875e90a,8c0d59295e6cc201eb76122161fb68d432d82e4f445f4aebdc8dd5eaf54b6945,6426168,d004c3c59ede31ff5a33dc3f391bfdbddd7e475671cbd4ef3f574dcd64344cef,8c0d59295e6cc201eb76122161fb68d432d82e4f445f4aebdc8dd5eaf54b6945
sha256:462c511e3c244e805eeaf8c592c2cf35b8e9e9fab0d3074aad52e7304e6572f6,r4,bv_s,22160762,50994552,68370068,00642163cf6e47e7190916756ad9eff45cd37eaa08bb045befa0c23fedb91067,462c511e3c244e805eeaf8c592c2cf35b8e9e9fab0d3074aad52e7304e6572f6,22194928,f9327f68b0a0cb65caa41334b9220cdef845eb0871475e207a37d1f1ca81bb51,740c4b92bd72c7cf461e737b527a6c5cad160fe660fc27b16bcedd1c5c1c8e46,22086416,72998d4bf4f12c26bb945ccd6d11c8db8efb100e2e6418f4ebbde99f339cac08,740c4b92bd72c7cf461e737b527a6c5cad160fe660fc27b16bcedd1c5c1c8e46
sha256:68f41fc0dfa18e77e77ab99f931dc647d9b1c3d60afd981f9b4917c85986532f,r4,synth,26424410,50994552,68427712,8c0fca8b5b5facc18631333fe6e2726e6b3418a35173570a6f68115afe4fdc4b,68f41fc0dfa18e77e77ab99f931dc647d9b1c3d60afd981f9b4917c85986532f,26458594,619c1b3ff6642ad8b55b4b759dd68621c8ca70746cc518caea75dbeca1c8b71d,e0ee4bf0a3696e1be95143d1732808a98123b59c0004ef3316280efa62ff85be,26367729,d66f2d3f02618f099fd7202852a90722e17384b6bce70bb51fa3bc3e09d7fcbd,e0ee4bf0a3696e1be95143d1732808a98123b59c0004ef3316280efa62ff85be
sha256:75e819632163ccc65f63fde122cea33b199b559c931ebf68b14b5f8c72520629,r4,fx,11494688,30094776,40357480,dfbe56425860b634509efdd8edd7749782eefed5992077eceee421fd9a289f28,75e819632163ccc65f63fde122cea33b199b559c931ebf68b14b5f8c72520629,11514806,94258d9a26fa14c2c6ae3f5dc5b289f91e745337e24de5fd820d0b3c75e26866,e0111370343f2528777e716dd38a2521d2b337ec402770e2474be1d74d78a8e5,11389867,a10dbbfbd62f5773c00d4435ed3d03560790b6709af224886537a911b43cb092,e0111370343f2528777e716dd38a2521d2b337ec402770e2474be1d74d78a8e5
sha256:76f8d36d4b2b6ed2efc19418250feaac1fe1868fd919c4c03a6e6f66e3e3f926,r4,outro-fx,7063303,11430612,15319280,18fb590d9f00833002b11f3a8412ab7c49033b2dd8159a4009c1afbd060c335b,76f8d36d4b2b6ed2efc19418250feaac1fe1868fd919c4c03a6e6f66e3e3f926,7070984,141c0e9ba41adf7e43b6487a080ef3046dd0a00089cb307c368e92d9bc9059f7,7ac0742ee5cce2efb955d43323f356760531f6d9d3d49b45cd71ca3a4b4c492d,7060534,63ca7b2a9b7e8d9e90f27db87106781c2634ce1348b604b58c28a61864aeb459,7ac0742ee5cce2efb955d43323f356760531f6d9d3d49b45cd71ca3a4b4c492d
sha256:820926ccc8557b4cdf81d0c19933f1115dc371d5b53e46ddedb2a87bf4e4e197,r2,synth,7655654,15147540,20385645,633ad00bb280ec7c2edb490dbb9b1ca6b6d6d307e063844611f3ca796e3e6fc1,820926ccc8557b4cdf81d0c19933f1115dc371d5b53e46ddedb2a87bf4e4e197,7665648,3f2a1b48ed42371b58561e321794a779f95dc0a1721e0b07cebbe42624b7a833,232c7f3c8afd0208598bff6aa2cc8f1b1d06f1fe7787068312afb10a2cdbc4ed,7619166,501de9f47cf82169fa8f7a76fbe8c78dc58bf29dc6fade6c90e7d104643fe350,232c7f3c8afd0208598bff6aa2cc8f1b1d06f1fe7787068312afb10a2cdbc4ed
sha256:83cc4bfabbda2bb1b0b9fda8bfc7307d190844be9e01cd8ed53b2b904369b147,r3,bv_s,26777376,46305000,62147546,fec817278267ac469b6b8759dae95c2ca663f944b227d61b558ce803e05888f1,83cc4bfabbda2bb1b0b9fda8bfc7307d190844be9e01cd8ed53b2b904369b147,26808296,204a81862e0a113b9d1bd2e15451cb21169628b5577994900aececb5a448e0c3,103b244092b883252f1c82cd1df4bf697a887318c52c6d87d5d157c9167f4d6a,26720929,ca9c35b3cbbc7624f82ab37a272a8c9764fab37a8340d0fa8195a7a32f59c1aa,103b244092b883252f1c82cd1df4bf697a887318c52c6d87d5d157c9167f4d6a
sha256:8b374c1219541d61371b2eacf78d1ddd01acf4e9e7422b369044f7c1df5475e1,r4,vocal-fx,21883180,50994552,68509104,e8bad8f11a24174d03a2445773c8cafb20411018be001d9a12598d57290a8027,8b374c1219541d61371b2eacf78d1ddd01acf4e9e7422b369044f7c1df5475e1,21917394,0713291bcba8deff889cdf73ccc6d578667750595259101ed37c580a9a3d85ac,e47d0a0db63e315e19f45ae63380064263ad8e3edc46d64d9e344bc09377ffce,21801218,bf2f28baf2e8bf95c5aed49f7328de38160942bfceb45336b518c399817fd38f,e47d0a0db63e315e19f45ae63380064263ad8e3edc46d64d9e344bc09377ffce
sha256:8faf64b1ebce116931951541fcb35fd000fc9b5f929ae15e47c30ae8666b76a0,r2,drums,11246494,29314446,39251387,672471d636c36cd7ea355861028188ec095d097fa888a210ab7a8bfd752ec3a6,8faf64b1ebce116931951541fcb35fd000fc9b5f929ae15e47c30ae8666b76a0,11265871,21cb19a3575dae29efff46b7aa00301508a15ae9c9376d2a324ffe9215308c45,f909da654e05b2c39de0efb0d85fa5330c603d42724d277d318c8b40efd3f8ff,11124805,910525693fd487dcc8d95a7b290c6007511eb05a59fc16545f7a63ca56ad66e1,f909da654e05b2c39de0efb0d85fa5330c603d42724d277d318c8b40efd3f8ff
sha256:9184f49ee35fa748ecf4d898eb06058d2f499b8348b80736c5c252a99fe36b98,r1,fx,8613366,26982702,35676288,acd47d90e567fa4823bd2024ca50272cd635a96d9f189c4091c3a42ed03482a4,9184f49ee35fa748ecf4d898eb06058d2f499b8348b80736c5c252a99fe36b98,8631252,92831e28558087c41a11cb95e5d0ca37c5aba7b61442967a2d8338cb06f2d113,0f22ba259652eba07062b94e6a11fa10b904a612a4b517d8f820eb57910a9059,8430202,2b7dfd796180db24213c1694639e6038480079a551c28fe8c45b69a1e126f9d7,0f22ba259652eba07062b94e6a11fa10b904a612a4b517d8f820eb57910a9059
sha256:9a57207ac802bad426435d920b77048ba9dd391797c6a462444c6e375716d36f,r1,synth-6,8351286,24399084,32612051,535067fe776fc6ce232ea62f912efcd4bc55642b515dc88c3b66466944d82c87,9a57207ac802bad426435d920b77048ba9dd391797c6a462444c6e375716d36f,8367347,f7a61b2ef59621920662086ab3cb67436579942823caa8a32e639566148f0ab1,11f5b53f1d9b13a7a908931bc3d0e067b4f974c94d62e9d1d0c3d3dbf05e5366,8312957,b6c02627abb75a24e5ca82b52d5745994a27482bda21f5423fb5455891434f8c,11f5b53f1d9b13a7a908931bc3d0e067b4f974c94d62e9d1d0c3d3dbf05e5366
sha256:b613c11eea1c43c0a0fed317bea191d09146b818c4fe8e7a781cec1061b781f1,r2,vocal-fx,4220317,9175170,12096616,b007318da4985b2f0cb23a0841ff21770836a9393ea818204e2d6849597927e6,b613c11eea1c43c0a0fed317bea191d09146b818c4fe8e7a781cec1061b781f1,4226334,076fa7a2789c8f56d369798c61bff8cbbd538b8ae7456f607541344d22283137,7b969666ca45c7f728a243caf457a211994215bfcf0166105560ebcc63850d0b,4161973,3d8bcad2cb7a6cf643dd04d90c3c251c6ffff2e1eb56d20dc58499085587076f,7b969666ca45c7f728a243caf457a211994215bfcf0166105560ebcc63850d0b
sha256:ba8f39a6c7b1f22bded6ce6d97361a01ce751282b3f1ab08f931b876c6734ae1,r1,bass,3843271,25258248,21466741,023325e095994f344cbd4e3d6cd89e40365ae0ec763ca4cfff377034f4547877,ba8f39a6c7b1f22bded6ce6d97361a01ce751282b3f1ab08f931b876c6734ae1,3854026,52bb9ea1f41f3fddc64206aec2cdadfae06f35d557d4a3dc44ec32662339a630,1c1ae57c06efd729608d9400b4f442ce85ca79e11f3f4ec5be7a9c92db1f2055,3773850,427c83514cedcdedb79e55b4c0a5bca932dd40da5affb8f412f98e608fac8409,1c1ae57c06efd729608d9400b4f442ce85ca79e11f3f4ec5be7a9c92db1f2055
sha256:c48e9a6b5621bb213de9d6c0c016c557a4516ba0e02de06deb1141fe7946332f,r1,bv_s,22073511,37235790,50041233,02cfa111accfe8f6a575abd28cf41142ab4e73b8474810028d5d1cde4102e8ec,c48e9a6b5621bb213de9d6c0c016c557a4516ba0e02de06deb1141fe7946332f,22098340,706fe1b93d0386d5561678ba4d2d46630986dada59c71416fc6dcf4f08e5d711,7dedf81810033b215166aa194fb592012517f98e174fa8f57065c516248b0937,22054616,27f71b9b7090d9af497a321e3a0b7e8d77b11615c97e13bcd56656102304f80c,7dedf81810033b215166aa194fb592012517f98e174fa8f57065c516248b0937
sha256:d2a9ac32d38219a1dbe387f10ae417abb86101f4366683d2e68270ca1b8b5224,r3,synth-2,21314342,44417994,59841417,f7329709cc970167d53f7de66374f480f958f1367e92c1ff0cf365536936bf24,d2a9ac32d38219a1dbe387f10ae417abb86101f4366683d2e68270ca1b8b5224,21343807,e43b06a92136ea4ea99fef6ab101164ae69dc3fa1da59853c7d5f2ae2a56dd80,e3209e7ca31193e30dcea998f34426be96cd73f2f799945c06ee18572ae18ddb,21230949,67acc9713c8819f65dec97230a8a6c62ec299011f328f8153f378dbf17e69491,e3209e7ca31193e30dcea998f34426be96cd73f2f799945c06ee18572ae18ddb
sha256:d60d7992ce0ac81666b6e13b3ae7064ab5c1aad701a026619d78cfb725386d4d,r2,bass,12186685,40469496,54291503,b297519973d8599144ab6fba7f1d5d0a550dd5b33f7be24311be152277b25e81,d60d7992ce0ac81666b6e13b3ae7064ab5c1aad701a026619d78cfb725386d4d,12213754,b5decbe9517c73d296dd8e9c4ab44edec4a2a6be88e6ee7bdef3d7411f2089fa,64907750215cbcdb4f6f048011abc2511efba6433032935a667f9cdca422ffdc,12123273,7644e0db191c54d4be25a17acbbafd039e68347fc875d14be3a514a21a0d9088,64907750215cbcdb4f6f048011abc2511efba6433032935a667f9cdca422ffdc
sha256:dbb6eda6ecc56c418428f6b41d0b4872948d5be58e6089ecacb538b188dd7a74,r2,verse-vox,7131358,11897508,15974698,32bde6157e197ff5a6760857ab0f54b1beacd5968b94319a26f623b79a323202,dbb6eda6ecc56c418428f6b41d0b4872948d5be58e6089ecacb538b188dd7a74,7139284,a950736aff4fd95ce5b34c70d7e87cbd70e871a01187bf9d11e16ff0f58eca2d,00518b71d4234c8f1086dea8b387bc2986e54e6d283b8520a9801e889e32d26f,7104005,bc303640e7d131169efaea633c1b39f87328f7d114d97e021254e0adf507f4ab,00518b71d4234c8f1086dea8b387bc2986e54e6d283b8520a9801e889e32d26f
sha256:e5c44270be4bd0862850977ef3d8a06f1b3803d75c276bb243139bae1f56db62,r1,guitar,8479698,37247538,49907600,e3a4bbb254d00c081dfa4caa1e156d5e16878d2ffeb9725d6a35f405a68313ae,e5c44270be4bd0862850977ef3d8a06f1b3803d75c276bb243139bae1f56db62,8504266,084fdf57e5836bfd98dec86ae0d14a82fb85206df4e3e2091df76a306fa05070,2991aabfabb3e62c9513ec70771a1c7bb3fbcd4f7bbcd67f0e71a94c133a223e,8424005,d9c5d3dff7e3de441671cd93c5fa2a2a4b0e4985cdbe6d3a1e9217fe1b052716,2991aabfabb3e62c9513ec70771a1c7bb3fbcd4f7bbcd67f0e71a94c133a223e
sha256:f797073413ecf7782ec9e767bb4645034e8293b52c86cd888c920b33427c0d59,r4,bass,19214627,50994552,68572203,87b7a3794324683df3144e46fc43d52b9647d50d0f94345f10fb9579a202ec33,f797073413ecf7782ec9e767bb4645034e8293b52c86cd888c920b33427c0d59,19248322,c5c3957a2ba9c54497ba4e814b17d084259448b2587b6830d4e9b31d42b72c5f,20602cc896fef194495c62f9642820a639e74b5396f4b74ea8f09e174720fdfa,19117145,02e86dd7e91a436f2119800c13b061c0e488214e795d5a7c85686cb32483ebdc,20602cc896fef194495c62f9642820a639e74b5396f4b74ea8f09e174720fdfa
sha256:fc78916013c03b9827b97fe5d422b260b2926d7bd7159c9b8c967e2a49edeef3,r4,lead-vox,26684233,50994552,68572192,6e4d88c03df8816ea185fe290e03a5be2331e0f735a2fdd03f535456308b9e0d,fc78916013c03b9827b97fe5d422b260b2926d7bd7159c9b8c967e2a49edeef3,26718391,06e3fc6390e00d8b283e5fcebda73aed3b3f19a4893ff54f37485107dd064e03,3fc4a5517d946a002fc07a8f59648bad35e10f9c88d9ecde327534c4864e9cb9,26638287,2254d6a43794c8fd67f6050090d51ac7453a77478d153899e5b93e819e5d1441,3fc4a5517d946a002fc07a8f59648bad35e10f9c88d9ecde327534c4864e9cb9
sha256:fdae0da08b49b80492caad638119441bd2a0f2a2330642ff84e3baaafbb03cda,r3,lead-vox,24119598,40238736,53944189,2ba2f76d1579f5066ac62f9e53bcd4fae569f353650ae276f85cd6643917a72d,fdae0da08b49b80492caad638119441bd2a0f2a2330642ff84e3baaafbb03cda,24146278,86f405f70138802c97cc026cc1bbc013447172b369a9e0dd559c4720cb6087cb,217ab38fe769f9e7ba66946cb89db2e16d227c53639def909c3c2ada7212f851,24065699,576b3d809dc7543cb2b70bc0a5e3aa4d38902a665f1186b81529253ae2f9e8e4,217ab38fe769f9e7ba66946cb89db2e16d227c53639def909c3c2ada7212f851
